filepath,start,end,model_0_confidence,model_0_prediction,model_1_confidence,model_1_prediction,model_2_confidence,model_2_prediction,ensemble_prediction,ensemble_confidence
..//data//sample_audio\couple_grunts.WAV,0,3,0.052659522742033005,0,0.047411784529685974,0,0.05147732421755791,0,0,0.05051621049642563
..//data//sample_audio\couple_grunts.WAV,3,6,0.9405083060264587,1,0.9783322215080261,1,0.9464468359947205,1,1,0.9550957878430685
..//data//sample_audio\couple_grunts.WAV,6,9,0.03347288444638252,0,0.3755177855491638,0,0.004160522948950529,0,0,0.1377170643148323
..//data//sample_audio\couple_grunts.WAV,9,12,0.052185580134391785,0,0.2665759027004242,0,0.006869311444461346,0,0,0.10854359809309244
..//data//sample_audio\couple_grunts.WAV,12,15,0.1255381554365158,0,0.31834620237350464,0,0.023723170161247253,0,0,0.15586917599042258
..//data//sample_audio\couple_grunts.WAV,15,18,0.04222074896097183,0,0.10466489940881729,0,0.01651681773364544,0,0,0.05446748870114485
..//data//sample_audio\couple_grunts.WAV,18,21,0.033352211117744446,0,0.15095821022987366,0,0.012677771039307117,0,0,0.06566273079564174
..//data//sample_audio\couple_grunts.WAV,21,24,0.10277454555034637,0,0.5166410803794861,1,0.019424574449658394,0,0,0.21294673345983028
..//data//sample_audio\couple_grunts.WAV,24,27,0.03282243013381958,0,0.01658378168940544,0,0.019030682742595673,0,0,0.0228122981886069
..//data//sample_audio\couple_grunts.WAV,27,30,0.05414218455553055,0,0.010586399585008621,0,0.016128739342093468,0,0,0.026952441160877545
..//data//sample_audio\couple_grunts.WAV,30,33,0.04835741966962814,0,0.15123136341571808,0,0.017403969541192055,0,0,0.07233091754217942
..//data//sample_audio\couple_grunts.WAV,33,36,0.03123173862695694,0,0.028726257383823395,0,0.0048005240969359875,0,0,0.021586173369238775
..//data//sample_audio\couple_grunts.WAV,36,39,0.032105702906847,0,0.012732211500406265,0,0.018433289602398872,0,0,0.021090401336550713
..//data//sample_audio\couple_grunts.WAV,39,42,0.06334352493286133,0,0.058953601866960526,0,0.02990640141069889,0,0,0.05073450940350691
..//data//sample_audio\couple_grunts.WAV,42,45,0.02131607010960579,0,0.016624690964818,0,0.0156327486038208,0,0,0.017857836559414864
..//data//sample_audio\couple_grunts.WAV,45,48,0.046221230179071426,0,0.08398725837469101,0,0.030040964484214783,0,0,0.05341648434599241
..//data//sample_audio\couple_grunts.WAV,48,51,0.08075923472642899,0,0.030247647315263748,0,0.02408515103161335,0,0,0.04503067769110203
..//data//sample_audio\couple_grunts.WAV,51,54,0.018171818926930428,0,0.03390100970864296,0,0.007291976362466812,0,0,0.019788268332680065
..//data//sample_audio\couple_grunts.WAV,54,57,0.05530321225523949,0,0.19227291643619537,0,0.018214823678135872,0,0,0.08859698412319024
..//data//sample_audio\couple_grunts.WAV,57,60,0.03865006938576698,0,0.18629871308803558,0,0.0032879796344786882,0,0,0.07607892070276041
..//data//sample_audio\couple_grunts.WAV,60,63,0.07338698208332062,0,0.02825203165411949,0,0.03405148908495903,0,0,0.04523016760746638
..//data//sample_audio\couple_grunts.WAV,63,66,0.019458776339888573,0,0.021917395293712616,0,0.002580192405730486,0,0,0.014652121346443892
..//data//sample_audio\couple_grunts.WAV,66,69,0.035745106637477875,0,0.022550227120518684,0,0.010551455430686474,0,0,0.022948929729561012
..//data//sample_audio\couple_grunts.WAV,69,72,0.07314591109752655,0,0.23861169815063477,0,0.05462953820824623,0,0,0.12212904915213585
..//data//sample_audio\couple_grunts.WAV,72,75,0.038319800049066544,0,0.007746331859380007,0,0.004415180534124374,0,0,0.01682710414752364
..//data//sample_audio\couple_grunts.WAV,75,78,0.005845225881785154,0,0.005419803783297539,0,0.0009985979413613677,0,0,0.004087875868814687
..//data//sample_audio\couple_grunts.WAV,78,81,0.03456724435091019,0,0.028243880718946457,0,0.013020146638154984,0,0,0.025277090569337208
..//data//sample_audio\couple_grunts.WAV,81,84,0.016032418236136436,0,0.006426388863474131,0,0.0029810809064656496,0,0,0.008479962668692073
..//data//sample_audio\couple_grunts.WAV,84,87,0.10130956023931503,0,0.174555703997612,0,0.013195393607020378,0,0,0.09635355261464913
..//data//sample_audio\couple_grunts.WAV,87,90,0.04026074707508087,0,0.018489737063646317,0,0.015027595683932304,0,0,0.02459269327421983
..//data//sample_audio\couple_grunts.WAV,90,93,0.0637737438082695,0,0.032191742211580276,0,0.016138406470417976,0,0,0.037367964163422585
..//data//sample_audio\couple_grunts.WAV,93,96,0.0019752553198486567,0,0.005693282000720501,0,0.0007059206836856902,0,0,0.0027914860014182827
..//data//sample_audio\couple_grunts.WAV,96,99,0.010468048974871635,0,0.0018474840326234698,0,0.006254665087908506,0,0,0.006190066031801204
..//data//sample_audio\couple_grunts.WAV,99,102,0.0714128166437149,0,0.048082202672958374,0,0.009561232291162014,0,0,0.043018750535945095
..//data//sample_audio\couple_grunts.WAV,102,105,0.03221828117966652,0,0.02743471786379814,0,0.008197580464184284,0,0,0.02261685983588298
..//data//sample_audio\couple_grunts.WAV,105,108,0.0549863763153553,0,0.04488641396164894,0,0.035839103162288666,0,0,0.045237297813097634
..//data//sample_audio\couple_grunts.WAV,108,111,0.05719548836350441,0,0.12235497683286667,0,0.059424009174108505,0,0,0.0796581581234932
..//data//sample_audio\couple_grunts.WAV,111,114,0.08064595609903336,0,0.08880434185266495,0,0.0596979558467865,0,0,0.0763827512661616
..//data//sample_audio\couple_grunts.WAV,114,117,0.016725078225135803,0,0.007345959078520536,0,0.007261632010340691,0,0,0.010444223104665676
..//data//sample_audio\couple_grunts.WAV,117,120,0.07013265788555145,0,0.021517984569072723,0,0.013285359367728233,0,0,0.03497866727411747
..//data//sample_audio\couple_grunts.WAV,120,123,0.0345444492995739,0,0.03139837831258774,0,0.01201672200113535,0,0,0.025986516537765663
..//data//sample_audio\couple_grunts.WAV,123,126,0.04042002186179161,0,0.05797605216503143,0,0.0469302199780941,0,0,0.048442098001639046
..//data//sample_audio\couple_grunts.WAV,126,129,0.049091488122940063,0,0.02933754399418831,0,0.011870497837662697,0,0,0.03009984331826369
..//data//sample_audio\couple_grunts.WAV,129,132,0.04065534844994545,0,0.0378858745098114,0,0.013176129199564457,0,0,0.03057245071977377
..//data//sample_audio\couple_grunts.WAV,132,135,0.010992779396474361,0,0.024597730487585068,0,0.007113482803106308,0,0,0.014234664229055246
..//data//sample_audio\couple_grunts.WAV,135,138,0.02712184749543667,0,0.4747534692287445,0,0.03401236608624458,0,0,0.17862922760347524
..//data//sample_audio\couple_grunts.WAV,138,141,0.035146620124578476,0,0.06542424112558365,0,0.00878620333969593,0,0,0.03645235486328602
..//data//sample_audio\couple_grunts.WAV,141,144,0.04881004989147186,0,0.015714511275291443,0,0.009537257254123688,0,0,0.02468727280696233
..//data//sample_audio\couple_grunts.WAV,144,147,0.0360693521797657,0,0.022188687697052956,0,0.003116805339232087,0,0,0.02045828173868358
..//data//sample_audio\couple_grunts.WAV,147,150,0.06575342267751694,0,0.2275460660457611,0,0.01173632312566042,0,0,0.10167860394964616
..//data//sample_audio\couple_grunts.WAV,150,153,0.04468842223286629,0,0.043918948620557785,0,0.03171124309301376,0,0,0.040106204648812614
..//data//sample_audio\couple_grunts.WAV,153,156,0.08212801069021225,0,0.030175872147083282,0,0.017779482528567314,0,0,0.04336112178862095
..//data//sample_audio\couple_grunts.WAV,156,159,0.026945367455482483,0,0.04252410680055618,0,0.0018097785068675876,0,0,0.023759750920968752
..//data//sample_audio\couple_grunts.WAV,159,162,0.0757509171962738,0,0.059173714369535446,0,0.019274653866887093,0,0,0.05139976181089878
..//data//sample_audio\couple_grunts.WAV,162,165,0.09454242140054703,0,0.011788659729063511,0,0.027757614850997925,0,0,0.04469623199353615
..//data//sample_audio\couple_grunts.WAV,165,168,0.06469284743070602,0,0.07498487830162048,0,0.050853416323661804,0,0,0.06351038068532944
..//data//sample_audio\couple_grunts.WAV,168,171,0.025202477350831032,0,0.044363703578710556,0,0.017043177038431168,0,0,0.028869785989324253
..//data//sample_audio\couple_grunts.WAV,171,174,0.02043275721371174,0,0.11402606964111328,0,0.010729927569627762,0,0,0.048396251474817596
..//data//sample_audio\couple_grunts.WAV,174,177,0.049965016543865204,0,0.035308726131916046,0,0.005670934449881315,0,0,0.030314892375220854
..//data//sample_audio\couple_grunts.WAV,177,180,0.023965705186128616,0,0.009633989073336124,0,0.004529134836047888,0,0,0.01270960969850421
..//data//sample_audio\couple_grunts.WAV,180,183,0.028805069625377655,0,0.010706220753490925,0,0.012991438619792461,0,0,0.017500909666220348
..//data//sample_audio\couple_grunts.WAV,183,186,0.03007214516401291,0,0.10435901582241058,0,0.006445982959121466,0,0,0.04695904798184832
..//data//sample_audio\couple_grunts.WAV,186,189,0.034125927835702896,0,0.31674978137016296,0,0.012362905777990818,0,0,0.12107953832795222
..//data//sample_audio\couple_grunts.WAV,189,192,0.018207617104053497,0,0.009310861118137836,0,0.008681404404342175,0,0,0.012066627542177836
..//data//sample_audio\couple_grunts.WAV,192,195,0.07478894293308258,0,0.023263301700353622,0,0.006800925359129906,0,0,0.034951056664188705
..//data//sample_audio\couple_grunts.WAV,195,198,0.0728992149233818,0,0.06884193420410156,0,0.012242301367223263,0,0,0.051327816831568875
..//data//sample_audio\couple_grunts.WAV,198,201,0.04712498560547829,0,0.004788338206708431,0,0.005412515718489885,0,0,0.019108613176892202
..//data//sample_audio\couple_grunts.WAV,201,204,0.06968282163143158,0,0.013748066499829292,0,0.0055371783673763275,0,0,0.0296560221662124
..//data//sample_audio\couple_grunts.WAV,204,207,0.0553891621530056,0,0.02738809399306774,0,0.018008487299084663,0,0,0.033595247815052666
..//data//sample_audio\couple_grunts.WAV,207,210,0.03409013897180557,0,0.06319262832403183,0,0.011097417213022709,0,0,0.03612672816962004
..//data//sample_audio\couple_grunts.WAV,210,213,0.049074504524469376,0,0.013353503309190273,0,0.01243699062615633,0,0,0.024954999486605327
..//data//sample_audio\couple_grunts.WAV,213,216,0.02629062719643116,0,0.13120579719543457,0,0.015969840809702873,0,0,0.057822088400522866
..//data//sample_audio\couple_grunts.WAV,216,219,0.03417239710688591,0,0.012076587416231632,0,0.014479044824838638,0,0,0.020242676449318726
..//data//sample_audio\couple_grunts.WAV,219,222,0.01753268949687481,0,0.04246796667575836,0,0.006698772311210632,0,0,0.022233142827947933
..//data//sample_audio\couple_grunts.WAV,222,225,0.04814722016453743,0,0.2832637429237366,0,0.0058216676115989685,0,0,0.11241087689995766
..//data//sample_audio\couple_grunts.WAV,225,228,0.036300189793109894,0,0.015290968120098114,0,0.010144708678126335,0,0,0.020578622197111446
..//data//sample_audio\couple_grunts.WAV,228,231,0.0589003823697567,0,0.15126514434814453,0,0.02240629680454731,0,0,0.07752394117414951
..//data//sample_audio\couple_grunts.WAV,231,234,0.08518274873495102,0,0.018031669780611992,0,0.014838471077382565,0,0,0.039350963197648525
..//data//sample_audio\couple_grunts.WAV,234,237,0.05413798615336418,0,0.03250788524746895,0,0.010352765209972858,0,0,0.032332878870268665
..//data//sample_audio\couple_grunts.WAV,237,240,0.023266641423106194,0,0.008149702101945877,0,0.005873184185475111,0,0,0.012429842570175728
..//data//sample_audio\couple_grunts.WAV,240,243,0.03729179501533508,0,0.06197776272892952,0,0.03542245924472809,0,0,0.044897338996330895
..//data//sample_audio\couple_grunts.WAV,243,246,0.03531094267964363,0,0.01317177526652813,0,0.04597887396812439,0,0,0.03148719730476538
..//data//sample_audio\couple_grunts.WAV,246,249,0.0354420505464077,0,0.04852142184972763,0,0.03429821878671646,0,0,0.039420563727617264
..//data//sample_audio\couple_grunts.WAV,249,252,0.05773580074310303,0,0.22167935967445374,0,0.028475219383835793,0,0,0.10263012660046418
..//data//sample_audio\couple_grunts.WAV,252,255,0.03963598236441612,0,0.02170519344508648,0,0.011782793328166008,0,0,0.02437465637922287
..//data//sample_audio\couple_grunts.WAV,255,258,0.08086507767438889,0,0.09691213071346283,0,0.04196735844016075,0,0,0.07324818894267082
..//data//sample_audio\couple_grunts.WAV,258,261,0.06677312403917313,0,0.005187443923205137,0,0.00404356187209487,0,0,0.02533470994482438
..//data//sample_audio\couple_grunts.WAV,261,264,0.15680420398712158,0,0.021453961730003357,0,0.008836974389851093,0,0,0.062365046702325344
..//data//sample_audio\couple_grunts.WAV,264,267,0.05369940400123596,0,0.07956205308437347,0,0.021999048069119453,0,0,0.051753501718242965
..//data//sample_audio\couple_grunts.WAV,267,270,0.0344211719930172,0,0.01945289969444275,0,0.006961760576814413,0,0,0.02027861075475812
..//data//sample_audio\couple_grunts.WAV,270,273,0.9190835356712341,1,0.6522240042686462,1,0.5426753759384155,1,1,0.704660971959432
..//data//sample_audio\couple_grunts.WAV,273,276,0.02052287943661213,0,0.05392042547464371,0,0.010120905935764313,0,0,0.02818807028234005
..//data//sample_audio\couple_grunts.WAV,276,279,0.04192882031202316,0,0.007751791272312403,0,0.017738958820700645,0,0,0.02247319013501207
..//data//sample_audio\couple_grunts.WAV,279,282,0.060770563781261444,0,0.010806402191519737,0,0.007406070362776518,0,0,0.026327678778519232
..//data//sample_audio\couple_grunts.WAV,282,285,0.05631465092301369,0,0.034660182893276215,0,0.02623787336051464,0,0,0.03907090239226818
..//data//sample_audio\couple_grunts.WAV,285,288,0.032943032681941986,0,0.4663175344467163,0,0.004811101593077183,0,0,0.16802388957391182
..//data//sample_audio\couple_grunts.WAV,288,291,0.01850034110248089,0,0.07732212543487549,0,0.007598929572850466,0,0,0.03447379870340228
..//data//sample_audio\couple_grunts.WAV,291,294,0.0296617578715086,0,0.04445068910717964,0,0.0017073325579985976,0,0,0.02527325984556228
..//data//sample_audio\couple_grunts.WAV,294,297,0.056443870067596436,0,0.05325446277856827,0,0.0138319106772542,0,0,0.04117674784113964
..//data//sample_audio\couple_grunts.WAV,297,300,0.08378127962350845,0,0.279797226190567,0,0.003848560620099306,0,0,0.12247568881139159
..//data//sample_audio\couple_grunts.WAV,300,303,0.08952559530735016,0,0.025575267150998116,0,0.005253611132502556,0,0,0.04011815786361694
..//data//sample_audio\couple_grunts.WAV,303,306,0.05510324984788895,0,0.01647311821579933,0,0.014233166351914406,0,0,0.02860317813853423
..//data//sample_audio\couple_grunts.WAV,306,309,0.04428209736943245,0,0.008633592166006565,0,0.022173022851347923,0,0,0.025029570795595646
..//data//sample_audio\couple_grunts.WAV,309,312,0.02402275614440441,0,0.016981568187475204,0,0.005575389601290226,0,0,0.015526571311056614
..//data//sample_audio\couple_grunts.WAV,312,315,0.08028877526521683,0,0.033712342381477356,0,0.01565396972000599,0,0,0.043218362455566726
..//data//sample_audio\couple_grunts.WAV,315,318,0.05257269740104675,0,0.026159044355154037,0,0.01870519481599331,0,0,0.03247897885739803
..//data//sample_audio\couple_grunts.WAV,318,321,0.059424515813589096,0,0.005035508889704943,0,0.016585128381848335,0,0,0.027015051028380793
..//data//sample_audio\couple_grunts.WAV,321,324,0.0241334717720747,0,0.009690187871456146,0,0.005669964477419853,0,0,0.013164541373650232
..//data//sample_audio\couple_grunts.WAV,324,327,0.0257143285125494,0,0.03198060020804405,0,0.018509337678551674,0,0,0.025401422133048374
..//data//sample_audio\couple_grunts.WAV,327,330,0.0416305847465992,0,0.021867765113711357,0,0.0180507805198431,0,0,0.02718304346005122
..//data//sample_audio\couple_grunts.WAV,330,333,0.05138552933931351,0,0.016227515414357185,0,0.014735972508788109,0,0,0.0274496724208196
..//data//sample_audio\couple_grunts.WAV,333,336,0.03168793022632599,0,0.018998559564352036,0,0.011302217841148376,0,0,0.020662902543942135
..//data//sample_audio\couple_grunts.WAV,336,339,0.0803796648979187,0,0.07216782122850418,0,0.011266817338764668,0,0,0.05460476782172918
..//data//sample_audio\couple_grunts.WAV,339,342,0.06768553704023361,0,0.018433667719364166,0,0.01414292398840189,0,0,0.033420709582666554
..//data//sample_audio\couple_grunts.WAV,342,345,0.06097365543246269,0,0.03982589766383171,0,0.033050186932086945,0,0,0.04461658000946045
..//data//sample_audio\couple_grunts.WAV,345,348,0.028348971158266068,0,0.04417623579502106,0,0.012058492749929428,0,0,0.02819456656773885
..//data//sample_audio\couple_grunts.WAV,348,351,0.03143751248717308,0,0.037436261773109436,0,0.010493649169802666,0,0,0.026455807810028393
..//data//sample_audio\couple_grunts.WAV,351,354,0.041321225464344025,0,0.06091487035155296,0,0.010366718284785748,0,0,0.037534271366894245
..//data//sample_audio\couple_grunts.WAV,354,357,0.06910373270511627,0,0.14123818278312683,0,0.02205885946750641,0,0,0.07746692498524983
..//data//sample_audio\couple_grunts.WAV,357,360,0.04579208418726921,0,0.07229524105787277,0,0.009851028211414814,0,0,0.04264611781885227
..//data//sample_audio\couple_grunts.WAV,360,363,0.3323684632778168,0,0.05607524886727333,0,0.014774889685213566,0,0,0.13440620061010122
..//data//sample_audio\couple_grunts.WAV,363,366,0.04089777544140816,0,0.41825392842292786,0,0.03837963938713074,0,0,0.16584378108382225
..//data//sample_audio\couple_grunts.WAV,366,369,0.038887396454811096,0,0.021983729675412178,0,0.009748497977852821,0,0,0.023539874702692032
..//data//sample_audio\couple_grunts.WAV,369,372,0.06609620898962021,0,0.09718508273363113,0,0.02404414676129818,0,0,0.062441812828183174
..//data//sample_audio\couple_grunts.WAV,372,375,0.017824437469244003,0,0.011463760398328304,0,0.020531004294753075,0,0,0.016606400720775127
..//data//sample_audio\couple_grunts.WAV,375,378,0.05123106762766838,0,0.009083711542189121,0,0.014678461477160454,0,0,0.024997746882339317
..//data//sample_audio\couple_grunts.WAV,378,381,0.0581299290060997,0,0.0229501836001873,0,0.015939833596348763,0,0,0.03233998206754526
..//data//sample_audio\couple_grunts.WAV,381,384,0.03825132176280022,0,0.4357743561267853,0,0.00673690577968955,0,0,0.160254194556425
..//data//sample_audio\couple_grunts.WAV,384,387,0.043765414506196976,0,0.017580416053533554,0,0.028241420164704323,0,0,0.02986241690814495
..//data//sample_audio\couple_grunts.WAV,387,390,0.04224368929862976,0,0.11917874962091446,0,0.02454032376408577,0,0,0.06198758756121
..//data//sample_audio\couple_grunts.WAV,390,393,0.024459267035126686,0,0.005770233925431967,0,0.00278718420304358,0,0,0.011005561721200744
..//data//sample_audio\couple_grunts.WAV,393,396,0.06244355067610741,0,0.003942986484616995,0,0.008542702533304691,0,0,0.02497641323134303
..//data//sample_audio\couple_grunts.WAV,396,399,0.5799844861030579,1,0.13574548065662384,0,0.045244574546813965,0,0,0.25365818043549854
..//data//sample_audio\couple_grunts.WAV,399,402,0.05007058009505272,0,0.07308526337146759,0,0.026036901399493217,0,0,0.049730914955337845
..//data//sample_audio\couple_grunts.WAV,402,405,0.04286973178386688,0,0.16805662214756012,0,0.01978096179664135,0,0,0.07690243857602279
..//data//sample_audio\couple_grunts.WAV,405,408,0.03100624494254589,0,0.16557522118091583,0,0.039013344794511795,0,0,0.0785316036393245
..//data//sample_audio\couple_grunts.WAV,408,411,0.04338759556412697,0,0.07171131670475006,0,0.02449079602956772,0,0,0.04652990276614825
..//data//sample_audio\couple_grunts.WAV,411,414,0.03173160180449486,0,0.012491182424128056,0,0.0035692197270691395,0,0,0.015930667985230684
..//data//sample_audio\couple_grunts.WAV,414,417,0.062306325882673264,0,0.019724253565073013,0,0.013255950063467026,0,0,0.03176217650373777
..//data//sample_audio\couple_grunts.WAV,417,420,0.0445256270468235,0,0.06306197494268417,0,0.02721565030515194,0,0,0.04493441743155321
..//data//sample_audio\couple_grunts.WAV,420,423,0.03557534143328667,0,0.03448698669672012,0,0.03067203052341938,0,0,0.03357811955114206
..//data//sample_audio\couple_grunts.WAV,423,426,0.034648794680833817,0,0.026915114372968674,0,0.012480887584388256,0,0,0.024681598879396915
..//data//sample_audio\couple_grunts.WAV,426,429,0.05118653550744057,0,0.1926100254058838,0,0.049576856195926666,0,0,0.09779113903641701
..//data//sample_audio\couple_grunts.WAV,429,432,0.04163002967834473,0,0.05534554272890091,0,0.027481038123369217,0,0,0.041485536843538284
..//data//sample_audio\couple_grunts.WAV,432,435,0.02929708920419216,0,0.038606736809015274,0,0.010027577169239521,0,0,0.025977134394148987
..//data//sample_audio\couple_grunts.WAV,435,438,0.02588622458279133,0,0.031985167413949966,0,0.027955658733844757,0,0,0.02860901691019535
..//data//sample_audio\couple_grunts.WAV,438,441,0.04353317618370056,0,0.09677383303642273,0,0.016154881566762924,0,0,0.05215396359562874
..//data//sample_audio\couple_grunts.WAV,441,444,0.04155617952346802,0,0.02518060803413391,0,0.008969159796833992,0,0,0.025235315784811974
..//data//sample_audio\couple_grunts.WAV,444,447,0.023013688623905182,0,0.026249121874570847,0,0.009189924225211143,0,0,0.019484244907895725
..//data//sample_audio\couple_grunts.WAV,447,450,0.06463802605867386,0,0.06400004774332047,0,0.010762389749288559,0,0,0.04646682118376096
..//data//sample_audio\couple_grunts.WAV,450,453,0.07238823175430298,0,0.05387290194630623,0,0.026603566482663155,0,0,0.05095490006109079
..//data//sample_audio\couple_grunts.WAV,453,456,0.028482632711529732,0,0.06396538019180298,0,0.007695963606238365,0,0,0.03338132550319036
..//data//sample_audio\couple_grunts.WAV,456,459,0.02516901306807995,0,0.00850370991975069,0,0.005554809235036373,0,0,0.013075844074289003
..//data//sample_audio\couple_grunts.WAV,459,462,0.1352316439151764,0,0.029417430981993675,0,0.33841097354888916,0,0,0.16768668281535307
..//data//sample_audio\couple_grunts.WAV,462,465,0.22448812425136566,0,0.21901415288448334,0,0.04243632033467293,0,0,0.16197953249017397
..//data//sample_audio\couple_grunts.WAV,465,468,0.03983654826879501,0,0.220781609416008,0,0.08295737951993942,0,0,0.11452517906824748
..//data//sample_audio\couple_grunts.WAV,468,471,0.04526842385530472,0,0.03576802834868431,0,0.031601034104824066,0,0,0.03754582876960436
..//data//sample_audio\couple_grunts.WAV,471,474,0.06262501329183578,0,0.10400957614183426,0,0.04768527299165726,0,0,0.07143995414177577
..//data//sample_audio\couple_grunts.WAV,474,477,0.047736089676618576,0,0.04022328183054924,0,0.018799016252160072,0,0,0.0355861292531093
..//data//sample_audio\couple_grunts.WAV,477,480,0.0036944709718227386,0,0.0033028619363904,0,0.0026396862231194973,0,0,0.003212339710444212
..//data//sample_audio\couple_grunts.WAV,480,483,0.15467189252376556,0,0.45881563425064087,0,0.008118920028209686,0,0,0.20720214893420538
..//data//sample_audio\couple_grunts.WAV,483,486,0.04595256224274635,0,0.016917500644922256,0,0.012643943540751934,0,0,0.025171335476140182
..//data//sample_audio\couple_grunts.WAV,486,489,0.009144429117441177,0,0.01873902976512909,0,0.004828823264688253,0,0,0.010904094049086174
..//data//sample_audio\couple_grunts.WAV,489,492,0.014097957871854305,0,0.05396311730146408,0,0.006550382822751999,0,0,0.02487048599869013
..//data//sample_audio\couple_grunts.WAV,492,495,0.019924964755773544,0,0.008635340258479118,0,0.008252200670540333,0,0,0.012270835228264332
..//data//sample_audio\couple_grunts.WAV,495,498,0.03081686794757843,0,0.0541488341987133,0,0.004632980562746525,0,0,0.02986622756967942
..//data//sample_audio\couple_grunts.WAV,498,501,0.06918758898973465,0,0.33382153511047363,0,0.010444840416312218,0,0,0.1378179881721735
..//data//sample_audio\couple_grunts.WAV,501,504,0.052379485219717026,0,0.030473368242383003,0,0.005376577842980623,0,0,0.029409810435026884
..//data//sample_audio\couple_grunts.WAV,504,507,0.07712340354919434,0,0.21120603382587433,0,0.07170455902814865,0,0,0.12001133213440578
..//data//sample_audio\couple_grunts.WAV,507,510,0.018813177943229675,0,0.010136495344340801,0,0.010612262412905693,0,0,0.013187311900158724
..//data//sample_audio\couple_grunts.WAV,510,513,0.05359700694680214,0,0.035069018602371216,0,0.03549116104841232,0,0,0.04138572886586189
..//data//sample_audio\couple_grunts.WAV,513,516,0.06076740100979805,0,0.02079223468899727,0,0.02842830680310726,0,0,0.03666264750063419
..//data//sample_audio\couple_grunts.WAV,516,519,0.07832462340593338,0,0.01840219832956791,0,0.02169676125049591,0,0,0.03947452766199907
..//data//sample_audio\couple_grunts.WAV,519,522,0.049188483506441116,0,0.06846778839826584,0,0.011102050542831421,0,0,0.04291944081584612
..//data//sample_audio\couple_grunts.WAV,522,525,0.0632074773311615,0,0.041141338646411896,0,0.007492769509553909,0,0,0.0372805284957091
..//data//sample_audio\couple_grunts.WAV,525,528,0.07215790450572968,0,0.008876237086951733,0,0.007784218527376652,0,0,0.029606120040019352
..//data//sample_audio\couple_grunts.WAV,528,531,0.16387426853179932,0,0.853824257850647,1,0.7743750214576721,1,1,0.5973578492800394
..//data//sample_audio\couple_grunts.WAV,531,534,0.9886854887008667,1,0.9561030268669128,1,0.9951251149177551,1,1,0.9799712101618449
..//data//sample_audio\couple_grunts.WAV,534,537,0.6757285594940186,1,0.8981825113296509,1,0.9882299900054932,1,1,0.8540470202763876
..//data//sample_audio\couple_grunts.WAV,537,540,0.4156434237957001,0,0.43749576807022095,0,0.8184680938720703,1,1,0.5572024285793304
..//data//sample_audio\couple_grunts.WAV,540,543,0.06079122796654701,0,0.01410956121981144,0,0.013038014993071556,0,0,0.02931293472647667
..//data//sample_audio\couple_grunts.WAV,543,546,0.058547209948301315,0,0.02787666767835617,0,0.025054123252630234,0,0,0.03715933362642924
..//data//sample_audio\couple_grunts.WAV,546,549,0.10842517018318176,0,0.584583044052124,1,0.02823951095342636,0,0,0.24041590839624405
..//data//sample_audio\couple_grunts.WAV,549,552,0.1507270336151123,0,0.08094075322151184,0,0.07624208927154541,0,0,0.10263662536938985
..//data//sample_audio\couple_grunts.WAV,552,555,0.0434696339070797,0,0.017085518687963486,0,0.006213493645191193,0,0,0.022256215413411457
..//data//sample_audio\couple_grunts.WAV,555,558,0.06733249872922897,0,0.027443161234259605,0,0.029008543118834496,0,0,0.041261401027441025
..//data//sample_audio\couple_grunts.WAV,558,561,0.0571151003241539,0,0.02534053660929203,0,0.019393224269151688,0,0,0.033949620400865875
..//data//sample_audio\couple_grunts.WAV,561,564,0.0646757036447525,0,0.1585468053817749,0,0.014141754247248173,0,0,0.07912142109125853
..//data//sample_audio\couple_grunts.WAV,564,567,0.05223175883293152,0,0.03234951198101044,0,0.013562200590968132,0,0,0.03271449046830336
..//data//sample_audio\couple_grunts.WAV,567,570,0.05451801046729088,0,0.007106353063136339,0,0.015674395486712456,0,0,0.025766253005713224
..//data//sample_audio\couple_grunts.WAV,570,573,0.10094396770000458,0,0.40024107694625854,0,0.015658767893910408,0,0,0.1722812708467245
..//data//sample_audio\couple_grunts.WAV,573,576,0.05188619717955589,0,0.029296157881617546,0,0.013877646997570992,0,0,0.03168666735291481
..//data//sample_audio\couple_grunts.WAV,576,579,0.07357952743768692,0,0.02935272827744484,0,0.01788197085261345,0,0,0.04027140885591507
..//data//sample_audio\couple_grunts.WAV,579,582,0.004219890106469393,0,0.015930375084280968,0,0.0027798169758170843,0,0,0.007643360722189148
..//data//sample_audio\couple_grunts.WAV,582,585,0.04581742733716965,0,0.06166362762451172,0,0.026867561042308807,0,0,0.044782872001330055
..//data//sample_audio\couple_grunts.WAV,585,588,0.06957534700632095,0,0.036088306456804276,0,0.022734787315130234,0,0,0.04279948025941849
..//data//sample_audio\couple_grunts.WAV,588,591,0.0505833774805069,0,0.07241189479827881,0,0.01727374456822872,0,0,0.04675633894900481
..//data//sample_audio\couple_grunts.WAV,591,594,0.04143419861793518,0,0.01070679072290659,0,0.0195755735039711,0,0,0.023905520948270958
..//data//sample_audio\couple_grunts.WAV,594,597,0.01822291687130928,0,0.015166882425546646,0,0.013479508459568024,0,0,0.01562310258547465
..//data//sample_audio\couple_grunts.WAV,597,600,0.04619579017162323,0,0.05665414780378342,0,0.02068990468978882,0,0,0.041179947555065155
..//data//sample_audio\couple_grunts.WAV,600,603,0.03757835924625397,0,0.10132666677236557,0,0.009643757715821266,0,0,0.0495162612448136
..//data//sample_audio\couple_grunts.WAV,603,606,0.041061826050281525,0,0.5171215534210205,1,0.0617554746568203,0,0,0.2066462847093741
..//data//sample_audio\couple_grunts.WAV,606,609,0.010241629555821419,0,0.019965268671512604,0,0.014768990688025951,0,0,0.014991962971786657
..//data//sample_audio\couple_grunts.WAV,609,612,0.019568245857954025,0,0.020736590027809143,0,0.014613678678870201,0,0,0.018306171521544456
..//data//sample_audio\couple_grunts.WAV,612,615,0.022684136405587196,0,0.04137176647782326,0,0.016257857903838158,0,0,0.02677125359574954
..//data//sample_audio\couple_grunts.WAV,615,618,0.16934046149253845,0,0.04452061280608177,0,0.13594716787338257,0,0,0.1166027473906676
..//data//sample_audio\couple_grunts.WAV,618,621,0.04111158847808838,0,0.04751357436180115,0,0.08315032720565796,0,0,0.05725849668184916
..//data//sample_audio\couple_grunts.WAV,621,624,0.11115388572216034,0,0.1258494257926941,0,0.006322681438177824,0,0,0.08110866431767742
..//data//sample_audio\couple_grunts.WAV,624,627,0.012256119400262833,0,0.029065866023302078,0,0.0011242218315601349,0,0,0.01414873575170835
..//data//sample_audio\couple_grunts.WAV,627,630,0.8422365784645081,1,0.974518895149231,1,0.035603076219558716,0,1,0.6174528499444326
..//data//sample_audio\couple_grunts.WAV,630,633,0.04257640615105629,0,0.02983722649514675,0,0.01852099411189556,0,0,0.030311542252699535
..//data//sample_audio\couple_grunts.WAV,633,636,0.05867631360888481,0,0.015196683816611767,0,0.013114561326801777,0,0,0.028995852917432785
..//data//sample_audio\couple_grunts.WAV,636,639,0.046413641422986984,0,0.007477540522813797,0,0.01320872362703085,0,0,0.022366635190943878
..//data//sample_audio\couple_grunts.WAV,639,642,0.05831928551197052,0,0.010931386612355709,0,0.011834203265607357,0,0,0.027028291796644528
..//data//sample_audio\couple_grunts.WAV,642,645,0.01988109014928341,0,0.012950318865478039,0,0.009760559536516666,0,0,0.014197322850426039
..//data//sample_audio\couple_grunts.WAV,645,648,0.039092276245355606,0,0.01684350147843361,0,0.019488558173179626,0,0,0.025141445298989613
..//data//sample_audio\couple_grunts.WAV,648,651,0.9999982118606567,1,0.9999995231628418,1,0.9999997615814209,1,1,0.9999991655349731
..//data//sample_audio\couple_grunts.WAV,651,654,0.7323108315467834,1,0.9122061729431152,1,0.7537320256233215,1,1,0.7994163433710734
..//data//sample_audio\couple_grunts.WAV,654,657,0.04508870467543602,0,0.01260430458933115,0,0.04077579826116562,0,0,0.032822935841977596
..//data//sample_audio\couple_grunts.WAV,657,660,0.03260790929198265,0,0.006794281303882599,0,0.00513624818995595,0,0,0.0148461462619404
..//data//sample_audio\couple_grunts.WAV,660,663,0.2503296732902527,0,0.011703737080097198,0,0.014164313673973083,0,0,0.09206590801477432
..//data//sample_audio\couple_grunts.WAV,663,666,0.07689870148897171,0,0.007888923399150372,0,0.0077850292436778545,0,0,0.030857551377266645
..//data//sample_audio\couple_grunts.WAV,666,669,0.037774376571178436,0,0.011103280819952488,0,0.015970613807439804,0,0,0.021616090399523575
..//data//sample_audio\couple_grunts.WAV,669,672,0.047987595200538635,0,0.02259361371397972,0,0.014373308047652245,0,0,0.028318172320723534
..//data//sample_audio\couple_grunts.WAV,672,675,0.03525702655315399,0,0.010884853079915047,0,0.017684651538729668,0,0,0.021275510390599568
..//data//sample_audio\couple_grunts.WAV,675,678,0.0531415194272995,0,0.12314506620168686,0,0.041193436831235886,0,0,0.07249334082007408
..//data//sample_audio\couple_grunts.WAV,678,681,0.0746779665350914,0,0.014211177825927734,0,0.06310024857521057,0,0,0.05066313097874323
..//data//sample_audio\couple_grunts.WAV,681,684,0.033729638904333115,0,0.01084538921713829,0,0.0015074879629537463,0,0,0.015360838694808384
..//data//sample_audio\couple_grunts.WAV,684,687,0.09184973686933517,0,0.04309188202023506,0,0.014219237491488457,0,0,0.0497202854603529
..//data//sample_audio\couple_grunts.WAV,687,690,0.4870573580265045,0,0.2701067328453064,0,0.038391146808862686,0,0,0.2651850792268912
..//data//sample_audio\couple_grunts.WAV,690,693,0.03891783207654953,0,0.018010415136814117,0,0.010904291644692421,0,0,0.02261084628601869
..//data//sample_audio\couple_grunts.WAV,693,696,0.14187055826187134,0,0.2156287431716919,0,0.005770015064626932,0,0,0.12108977216606338
..//data//sample_audio\couple_grunts.WAV,696,699,0.07530722767114639,0,0.22915099561214447,0,0.02105308510363102,0,0,0.10850376946230729
..//data//sample_audio\couple_grunts.WAV,699,702,0.033712804317474365,0,0.0031457683071494102,0,0.007694256026297808,0,0,0.014850942883640528
..//data//sample_audio\couple_grunts.WAV,702,705,0.04946482554078102,0,0.09447579085826874,0,0.012835223227739334,0,0,0.052258613208929695
..//data//sample_audio\couple_grunts.WAV,705,708,0.028765330091118813,0,0.01096351072192192,0,0.013268248178064823,0,0,0.01766569633036852
..//data//sample_audio\couple_grunts.WAV,708,711,0.09327518939971924,0,0.047870948910713196,0,0.02849394455552101,0,0,0.056546694288651146
..//data//sample_audio\couple_grunts.WAV,711,714,0.031869225203990936,0,0.01999349519610405,0,0.012314542196691036,0,0,0.02139242086559534
..//data//sample_audio\couple_grunts.WAV,714,717,0.1097550094127655,0,0.05705254152417183,0,0.017474956810474396,0,0,0.061427502582470574
..//data//sample_audio\couple_grunts.WAV,717,720,0.015229173004627228,0,0.009749994613230228,0,0.007927441038191319,0,0,0.010968869552016258
..//data//sample_audio\couple_grunts.WAV,720,723,0.10644302517175674,0,0.0713159590959549,0,0.017162183299660683,0,0,0.06497372252245744
..//data//sample_audio\couple_grunts.WAV,723,726,0.03218661621212959,0,0.02121501974761486,0,0.03524007648229599,0,0,0.02954723748068015
..//data//sample_audio\couple_grunts.WAV,726,729,0.03755779191851616,0,0.007673023268580437,0,0.01435184944421053,0,0,0.019860888210435707
..//data//sample_audio\couple_grunts.WAV,729,732,0.09978501498699188,0,0.040229637175798416,0,0.0257402453571558,0,0,0.0552516325066487
..//data//sample_audio\couple_grunts.WAV,732,735,0.036825165152549744,0,0.006201489362865686,0,0.013573036529123783,0,0,0.01886656368151307
..//data//sample_audio\couple_grunts.WAV,735,738,0.048930224031209946,0,0.013955211266875267,0,0.015752412378787994,0,0,0.02621261589229107
..//data//sample_audio\couple_grunts.WAV,738,741,0.057268790900707245,0,0.014594677835702896,0,0.030302105471491814,0,0,0.03405519140263399
..//data//sample_audio\couple_grunts.WAV,741,744,0.08918089419603348,0,0.1157703623175621,0,0.028119314461946487,0,0,0.0776901903251807
..//data//sample_audio\couple_grunts.WAV,744,747,0.13947154581546783,0,0.06679346412420273,0,0.18678949773311615,0,0,0.13101816922426224
..//data//sample_audio\couple_grunts.WAV,747,750,0.02553972415626049,0,0.028931552544236183,0,0.003982400521636009,0,0,0.019484559074044228
..//data//sample_audio\couple_grunts.WAV,750,753,0.03004346787929535,0,0.058224935084581375,0,0.055895619094371796,0,0,0.048054674019416176
..//data//sample_audio\couple_grunts.WAV,753,756,0.05317401513457298,0,0.035383954644203186,0,0.016661453992128372,0,0,0.03507314125696818
..//data//sample_audio\couple_grunts.WAV,756,759,0.031823720782995224,0,0.030422218143939972,0,0.01638682372868061,0,0,0.02621092088520527
..//data//sample_audio\couple_grunts.WAV,759,762,0.054362840950489044,0,0.12918993830680847,0,0.01607588119804859,0,0,0.06654288681844871
..//data//sample_audio\couple_grunts.WAV,762,765,0.0415804386138916,0,0.03583712503314018,0,0.04062720388174057,0,0,0.03934825584292412
..//data//sample_audio\couple_grunts.WAV,765,768,0.03211528807878494,0,0.017165392637252808,0,0.011393116787075996,0,0,0.020224599167704582
..//data//sample_audio\couple_grunts.WAV,768,771,0.06910955905914307,0,0.08339730650186539,0,0.09319650381803513,0,0,0.08190112312634786
..//data//sample_audio\couple_grunts.WAV,771,774,0.033805619925260544,0,0.04129164293408394,0,0.04152032732963562,0,0,0.03887253006299337
..//data//sample_audio\couple_grunts.WAV,774,777,0.04358100891113281,0,0.022231288254261017,0,0.0332365557551384,0,0,0.03301628430684408
..//data//sample_audio\couple_grunts.WAV,777,780,0.05490211397409439,0,0.023982370272278786,0,0.011130758561193943,0,0,0.030005080935855705
..//data//sample_audio\couple_grunts.WAV,780,783,0.010812169872224331,0,0.0124089689925313,0,0.009660713374614716,0,0,0.01096061741312345
..//data//sample_audio\couple_grunts.WAV,783,786,0.0030084678437560797,0,0.0003267499268986285,0,0.0010802678298205137,0,0,0.0014718285334917407
..//data//sample_audio\couple_grunts.WAV,786,789,0.015171198174357414,0,0.03128703683614731,0,0.008054284378886223,0,0,0.01817083979646365
..//data//sample_audio\couple_grunts.WAV,789,792,0.042320143431425095,0,0.007912133820354939,0,0.007914177142083645,0,0,0.019382151464621227
..//data//sample_audio\couple_grunts.WAV,792,795,0.07323259860277176,0,0.018156398087739944,0,0.018620381131768227,0,0,0.03666979260742664
..//data//sample_audio\couple_grunts.WAV,795,798,0.04432488977909088,0,0.017369316890835762,0,0.008051389828324318,0,0,0.023248532166083653
..//data//sample_audio\couple_grunts.WAV,798,801,0.3267253637313843,0,0.583993136882782,1,0.34011438488960266,0,0,0.416944295167923
..//data//sample_audio\couple_grunts.WAV,801,804,0.052144672721624374,0,0.33019474148750305,0,0.049647510051727295,0,0,0.1439956414202849
..//data//sample_audio\couple_grunts.WAV,804,807,0.07273200154304504,0,0.07120706886053085,0,0.011115423403680325,0,0,0.05168483126908541
..//data//sample_audio\couple_grunts.WAV,807,810,0.06392750144004822,0,0.10234981775283813,0,0.00961547065526247,0,0,0.05863092994938294
..//data//sample_audio\couple_grunts.WAV,810,813,0.08060526102781296,0,0.016723550856113434,0,0.014956609345972538,0,0,0.03742847374329964
..//data//sample_audio\couple_grunts.WAV,813,816,0.04015328362584114,0,0.08202092349529266,0,0.023295097053050995,0,0,0.0484897680580616
..//data//sample_audio\couple_grunts.WAV,816,819,0.04737184941768646,0,0.1512484848499298,0,0.005948418285697699,0,0,0.06818958418443799
..//data//sample_audio\couple_grunts.WAV,819,822,0.21029293537139893,0,0.3581005930900574,0,0.043643537908792496,0,0,0.2040123554567496
..//data//sample_audio\couple_grunts.WAV,822,825,0.02748790569603443,0,0.036243751645088196,0,0.020305441692471504,0,0,0.028012366344531376
..//data//sample_audio\couple_grunts.WAV,825,828,0.06374645978212357,0,0.22858788073062897,0,0.008640031330287457,0,0,0.10032479061434667
..//data//sample_audio\couple_grunts.WAV,828,831,0.8184802532196045,1,0.6325780153274536,1,0.5539920926094055,1,1,0.6683501203854879
..//data//sample_audio\couple_grunts.WAV,831,834,0.4752250909805298,0,0.9327659010887146,1,0.27246329188346863,0,1,0.5601514279842377
..//data//sample_audio\couple_grunts.WAV,834,837,0.02149847149848938,0,0.044013861566782,0,0.3230556547641754,0,0,0.1295226626098156
..//data//sample_audio\couple_grunts.WAV,837,840,0.3001641631126404,0,0.47584229707717896,0,0.8027932047843933,1,1,0.5262665549914042
..//data//sample_audio\couple_grunts.WAV,840,843,0.094288669526577,0,0.2498103678226471,0,0.35280841588974,0,0,0.23230248441298804
..//data//sample_audio\couple_grunts.WAV,843,846,0.023087844252586365,0,0.10048021376132965,0,0.05539155751466751,0,0,0.05965320517619451
..//data//sample_audio\couple_grunts.WAV,846,849,0.047253429889678955,0,0.22113260626792908,0,0.2371903955936432,0,0,0.16852547725041708
..//data//sample_audio\couple_grunts.WAV,849,852,0.051601625978946686,0,0.19767801463603973,0,0.023157062008976936,0,0,0.09081223420798779
..//data//sample_audio\couple_grunts.WAV,852,855,0.05439396947622299,0,0.048387523740530014,0,0.005839067045599222,0,0,0.03620685342078408
..//data//sample_audio\couple_grunts.WAV,855,858,0.11392787098884583,0,0.31993743777275085,0,0.014724330976605415,0,0,0.14952987991273403
..//data//sample_audio\couple_grunts.WAV,858,861,0.1949286162853241,0,0.15874086320400238,0,0.0240744948387146,0,0,0.12591465810934702
..//data//sample_audio\couple_grunts.WAV,861,864,0.0937538594007492,0,0.12610967457294464,0,0.07361423224210739,0,0,0.09782592207193375
..//data//sample_audio\couple_grunts.WAV,864,867,0.024674221873283386,0,0.021243050694465637,0,0.020623574033379555,0,0,0.022180282200376194
..//data//sample_audio\couple_grunts.WAV,867,870,0.04577808827161789,0,0.08600912988185883,0,0.036844946444034576,0,0,0.05621072153250376
..//data//sample_audio\couple_grunts.WAV,870,873,0.04289285093545914,0,0.13192151486873627,0,0.0633026510477066,0,0,0.079372338950634
..//data//sample_audio\couple_grunts.WAV,873,876,0.0506540909409523,0,0.024360952898859978,0,0.007782303262501955,0,0,0.02759911570077141
..//data//sample_audio\couple_grunts.WAV,876,879,0.04999055713415146,0,0.09493790566921234,0,0.025193335488438606,0,0,0.05670726609726747
..//data//sample_audio\couple_grunts.WAV,879,882,0.05308275669813156,0,0.04398798197507858,0,0.04235944151878357,0,0,0.04647672673066457
..//data//sample_audio\couple_grunts.WAV,882,885,0.03417383134365082,0,0.1270425170660019,0,0.028858203440904617,0,0,0.06335818395018578
..//data//sample_audio\couple_grunts.WAV,885,888,0.02868933416903019,0,0.060290463268756866,0,0.01739828661084175,0,0,0.03545936134954294
..//data//sample_audio\couple_grunts.WAV,888,891,0.01634078659117222,0,0.14861330389976501,0,0.04034660384058952,0,0,0.06843356477717559
..//data//sample_audio\couple_grunts.WAV,891,894,0.033121418207883835,0,0.16912585496902466,0,0.03224639594554901,0,0,0.0781645563741525
..//data//sample_audio\couple_grunts.WAV,894,897,0.10447731614112854,0,0.3140471875667572,0,0.02625703439116478,0,0,0.14826051269968352
..//data//sample_audio\couple_grunts.WAV,897,900,0.11047384887933731,0,0.3857763111591339,0,0.13587336242198944,0,0,0.21070784082015356
..//data//sample_audio\couple_grunts.WAV,900,903,0.11744104325771332,0,0.148890882730484,0,0.06868144124746323,0,0,0.11167112241188686
..//data//sample_audio\couple_grunts.WAV,903,906,0.10711941123008728,0,0.07477960735559464,0,0.02461722120642662,0,0,0.06883874659736951
..//data//sample_audio\couple_grunts.WAV,906,909,0.05523848906159401,0,0.13746356964111328,0,0.010398948565125465,0,0,0.06770033575594425
..//data//sample_audio\couple_grunts.WAV,909,912,0.09854467958211899,0,0.2551622688770294,0,0.007068067789077759,0,0,0.12025833874940872
..//data//sample_audio\couple_grunts.WAV,912,915,0.07190177589654922,0,0.005802875850349665,0,0.041249703615903854,0,0,0.03965145178760091
..//data//sample_audio\couple_grunts.WAV,915,918,0.04148578643798828,0,0.010790938511490822,0,0.008941774256527424,0,0,0.020406166402002174
..//data//sample_audio\couple_grunts.WAV,918,921,0.03912725672125816,0,0.2054881900548935,0,0.013706292025744915,0,0,0.08610724626729886
..//data//sample_audio\couple_grunts.WAV,921,924,0.02352767437696457,0,0.013495965860784054,0,0.013246137648820877,0,0,0.0167565926288565
..//data//sample_audio\couple_grunts.WAV,924,927,0.05289959907531738,0,0.047717757523059845,0,0.028617151081562042,0,0,0.04307816922664642
..//data//sample_audio\couple_grunts.WAV,927,930,0.044115711003541946,0,0.03407181426882744,0,0.021461432799696922,0,0,0.03321631935735544
..//data//sample_audio\couple_grunts.WAV,930,933,0.08296961337327957,0,0.0889163538813591,0,0.02245475724339485,0,0,0.06478024149934451
..//data//sample_audio\couple_grunts.WAV,933,936,0.04651572182774544,0,0.1898232400417328,0,0.031700439751148224,0,0,0.08934646720687549
..//data//sample_audio\couple_grunts.WAV,936,939,0.04069475457072258,0,0.02899516560137272,0,0.03071887604892254,0,0,0.03346959874033928
..//data//sample_audio\couple_grunts.WAV,939,942,0.03361590579152107,0,0.026107141748070717,0,0.01480621937662363,0,0,0.024843088972071808
..//data//sample_audio\couple_grunts.WAV,942,945,0.06354135274887085,0,0.010205735452473164,0,0.00716150039806962,0,0,0.026969529533137877
..//data//sample_audio\couple_grunts.WAV,945,948,0.05233093351125717,0,0.1801702082157135,0,0.01862945221364498,0,0,0.08371019798020522
..//data//sample_audio\couple_grunts.WAV,948,951,0.07777541875839233,0,0.022775547578930855,0,0.01630844548344612,0,0,0.03895313727358977
..//data//sample_audio\couple_grunts.WAV,951,954,0.039664480835199356,0,0.016412051394581795,0,0.028760934248566628,0,0,0.028279155492782593
..//data//sample_audio\couple_grunts.WAV,954,957,0.041483912616968155,0,0.01640036329627037,0,0.013234573416411877,0,0,0.02370628310988347
..//data//sample_audio\couple_grunts.WAV,957,960,0.15423476696014404,0,0.195018470287323,0,0.018989790230989456,0,0,0.12274767582615216
..//data//sample_audio\couple_grunts.WAV,960,963,0.0350428968667984,0,0.016565166413784027,0,0.008853085339069366,0,0,0.020153716206550598
..//data//sample_audio\couple_grunts.WAV,963,966,0.06454843282699585,0,0.02571159042418003,0,0.018651291728019714,0,0,0.036303771659731865
..//data//sample_audio\couple_grunts.WAV,966,969,0.07413580268621445,0,0.030145641416311264,0,0.044895172119140625,0,0,0.04972553874055544
..//data//sample_audio\couple_grunts.WAV,969,972,0.06278225034475327,0,0.0895635336637497,0,0.02005269192159176,0,0,0.057466158643364906
..//data//sample_audio\couple_grunts.WAV,972,975,0.2263595461845398,0,0.020068783313035965,0,0.012535561807453632,0,0,0.08632129710167646
..//data//sample_audio\couple_grunts.WAV,975,978,0.10902390629053116,0,0.025222180411219597,0,0.012156844139099121,0,0,0.04880097694694996
..//data//sample_audio\couple_grunts.WAV,978,981,0.07408354431390762,0,0.02935783937573433,0,0.021317079663276672,0,0,0.04158615445097288
..//data//sample_audio\couple_grunts.WAV,981,984,0.06976737827062607,0,0.05935761705040932,0,0.018203144893050194,0,0,0.04910938007136186
..//data//sample_audio\couple_grunts.WAV,984,987,0.028474774211645126,0,0.4839808940887451,0,0.013348051346838474,0,0,0.17526790654907623
..//data//sample_audio\couple_grunts.WAV,987,990,0.0768171027302742,0,0.036405693739652634,0,0.03244379907846451,0,0,0.04855553184946378
..//data//sample_audio\couple_grunts.WAV,990,993,0.08443759381771088,0,0.02093358151614666,0,0.024370186030864716,0,0,0.04324712045490742
..//data//sample_audio\couple_grunts.WAV,993,996,0.10297868400812149,0,0.09970328211784363,0,0.015103792771697044,0,0,0.07259525296588738
..//data//sample_audio\couple_grunts.WAV,996,999,0.03094596602022648,0,0.015310747548937798,0,0.0088947219774127,0,0,0.018383811848858993
..//data//sample_audio\couple_grunts.WAV,999,1002,0.037759680300951004,0,0.16209541261196136,0,0.01848188042640686,0,0,0.07277899111310641
..//data//sample_audio\couple_grunts.WAV,1002,1005,0.06749064475297928,0,0.06748851388692856,0,0.026214955374598503,0,0,0.05373137133816878
..//data//sample_audio\couple_grunts.WAV,1005,1008,0.060921043157577515,0,0.031005844473838806,0,0.016996227204799652,0,0,0.03630770494540533
..//data//sample_audio\couple_grunts.WAV,1008,1011,0.05755498632788658,0,0.0375751368701458,0,0.020349344238638878,0,0,0.038493155812223755
..//data//sample_audio\couple_grunts.WAV,1011,1014,0.06773693114519119,0,0.02020098641514778,0,0.012234335765242577,0,0,0.033390751108527184
..//data//sample_audio\couple_grunts.WAV,1014,1017,0.05895727500319481,0,0.03842419013381004,0,0.02134155109524727,0,0,0.03957433874408404
..//data//sample_audio\couple_grunts.WAV,1017,1020,0.044203776866197586,0,0.030089840292930603,0,0.02631734497845173,0,0,0.033536987379193306
..//data//sample_audio\couple_grunts.WAV,1020,1023,0.055714141577482224,0,0.02144596353173256,0,0.021479003131389618,0,0,0.032879702746868134
..//data//sample_audio\couple_grunts.WAV,1023,1026,0.06267432868480682,0,0.029974497854709625,0,0.02358963154256344,0,0,0.03874615269402663
..//data//sample_audio\couple_grunts.WAV,1026,1029,0.03693147748708725,0,0.017873121425509453,0,0.011667953804135323,0,0,0.022157517572244007
..//data//sample_audio\couple_grunts.WAV,1029,1032,0.04321428760886192,0,0.027787543833255768,0,0.022558510303497314,0,0,0.03118678058187167
..//data//sample_audio\couple_grunts.WAV,1032,1035,0.027897432446479797,0,0.06488010287284851,0,0.01573541760444641,0,0,0.036170984307924904
..//data//sample_audio\couple_grunts.WAV,1035,1038,0.026996998116374016,0,0.037437982857227325,0,0.007707103621214628,0,0,0.024047361531605322
..//data//sample_audio\couple_grunts.WAV,1038,1041,0.043217167258262634,0,0.12041551619768143,0,0.03441455215215683,0,0,0.0660157452027003
..//data//sample_audio\couple_grunts.WAV,1041,1044,0.05323664844036102,0,0.07602070271968842,0,0.021891973912715912,0,0,0.05038310835758845
..//data//sample_audio\couple_grunts.WAV,1044,1047,0.057949863374233246,0,0.06785140931606293,0,0.029251551255583763,0,0,0.05168427464862665
..//data//sample_audio\couple_grunts.WAV,1047,1050,0.08495903760194778,0,0.006391266360878944,0,0.011998879723250866,0,0,0.034449727895359196
..//data//sample_audio\couple_grunts.WAV,1050,1053,0.051431939005851746,0,0.005441793240606785,0,0.034339599311351776,0,0,0.030404443852603436
..//data//sample_audio\couple_grunts.WAV,1053,1056,0.04789259284734726,0,0.02980838716030121,0,0.03242747485637665,0,0,0.03670948495467504
..//data//sample_audio\couple_grunts.WAV,1056,1059,0.04287438094615936,0,0.009062734432518482,0,0.014314831234514713,0,0,0.02208398220439752
..//data//sample_audio\couple_grunts.WAV,1059,1062,0.06122284382581711,0,0.01685490645468235,0,0.019939297810196877,0,0,0.032672349363565445
..//data//sample_audio\couple_grunts.WAV,1062,1065,0.03421395644545555,0,0.015089456923305988,0,0.03044900856912136,0,0,0.026584140645960968
..//data//sample_audio\couple_grunts.WAV,1065,1068,0.2934686839580536,0,0.06014843285083771,0,0.02672450989484787,0,0,0.1267805422345797
..//data//sample_audio\couple_grunts.WAV,1068,1071,0.06949794292449951,0,0.29206374287605286,0,0.024285659193992615,0,0,0.12861578166484833
..//data//sample_audio\couple_grunts.WAV,1071,1074,0.05534885823726654,0,0.09902449697256088,0,0.015177184715867043,0,0,0.056516846641898155
..//data//sample_audio\couple_grunts.WAV,1074,1077,0.05970846116542816,0,0.07525600492954254,0,0.02107289619743824,0,0,0.05201245409746965
..//data//sample_audio\couple_grunts.WAV,1077,1080,0.07898920774459839,0,0.09856230020523071,0,0.027024632319808006,0,0,0.06819204675654571
..//data//sample_audio\couple_grunts.WAV,1080,1083,0.0402953177690506,0,0.01088247261941433,0,0.01158255897462368,0,0,0.02092011645436287
..//data//sample_audio\couple_grunts.WAV,1083,1086,0.0612562857568264,0,0.03349946066737175,0,0.02193201519548893,0,0,0.03889592053989569
..//data//sample_audio\couple_grunts.WAV,1086,1089,0.04701891168951988,0,0.016391243785619736,0,0.01885693520307541,0,0,0.02742236355940501
..//data//sample_audio\couple_grunts.WAV,1089,1092,1.1521279930093442e-06,0,5.0313814426772296e-05,0,9.026245493259921e-07,0,0,1.7456188989702543e-05
..//data//sample_audio\couple_grunts.WAV,1092,1095,0.0485922135412693,0,0.0653717890381813,0,0.018856696784496307,0,0,0.04427356645464897
..//data//sample_audio\couple_grunts.WAV,1095,1098,0.03139972686767578,0,0.02061365731060505,0,0.017594043165445328,0,0,0.023202475781242054
..//data//sample_audio\couple_grunts.WAV,1098,1101,1.0041186214948539e-05,0,0.00040840331348590553,0,2.3650725324841915e-06,0,0,0.00014026985741111275
..//data//sample_audio\couple_grunts.WAV,1101,1104,0.0004953650059178472,0,0.002083562547340989,0,8.814115426503122e-05,0,0,0.0008890229025079558
..//data//sample_audio\couple_grunts.WAV,1104,1107,0.030838463455438614,0,0.1250266581773758,0,0.010215875692665577,0,0,0.055360332441826664
..//data//sample_audio\couple_grunts.WAV,1107,1110,8.113668627629522e-06,0,0.0004068342095706612,0,1.4697848200739827e-06,0,0,0.00013880588767278823
..//data//sample_audio\couple_grunts.WAV,1110,1113,0.039603766053915024,0,0.047278162091970444,0,0.022417880594730377,0,0,0.036433269580205284
..//data//sample_audio\couple_grunts.WAV,1113,1116,0.02764645218849182,0,0.006282425485551357,0,0.008504187688231468,0,0,0.014144355120758215
..//data//sample_audio\couple_grunts.WAV,1116,1119,0.039405159652233124,0,0.1170666515827179,0,0.06179908290505409,0,0,0.07275696471333504
..//data//sample_audio\couple_grunts.WAV,1119,1122,0.027247382327914238,0,0.0983395054936409,0,0.09223391860723495,0,0,0.07260693547626336
..//data//sample_audio\couple_grunts.WAV,1122,1125,0.04340151697397232,0,0.11040308326482773,0,0.025051122531294823,0,0,0.05961857425669829
..//data//sample_audio\couple_grunts.WAV,1125,1128,0.043610282242298126,0,0.05595053359866142,0,0.013852870091795921,0,0,0.03780456197758516
..//data//sample_audio\couple_grunts.WAV,1128,1131,0.024610117077827454,0,0.010672006756067276,0,0.013153604231774807,0,0,0.01614524268855651
..//data//sample_audio\couple_grunts.WAV,1131,1134,0.061083465814590454,0,0.4121745824813843,0,0.02122839167714119,0,0,0.16482881332437196
..//data//sample_audio\couple_grunts.WAV,1134,1137,0.03171199560165405,0,0.03222298249602318,0,0.018778054043650627,0,0,0.02757101071377595
..//data//sample_audio\couple_grunts.WAV,1137,1140,0.01336232665926218,0,0.016905037686228752,0,0.0015130600659176707,0,0,0.010593474803802868
..//data//sample_audio\couple_grunts.WAV,1140,1143,0.06505410373210907,0,0.00499954167753458,0,0.00427516084164381,0,0,0.024776268750429153
..//data//sample_audio\couple_grunts.WAV,1143,1146,0.05980205908417702,0,0.03914644196629524,0,0.03876306861639023,0,0,0.04590385655562083
..//data//sample_audio\couple_grunts.WAV,1146,1149,0.04287145659327507,0,0.017564106732606888,0,0.012556691654026508,0,0,0.02433075165996949
..//data//sample_audio\couple_grunts.WAV,1149,1152,0.051048945635557175,0,0.022731874138116837,0,0.04907895624637604,0,0,0.040953258673350014
..//data//sample_audio\couple_grunts.WAV,1152,1155,0.003377302549779415,0,0.008622229099273682,0,0.0007724410388618708,0,0,0.004257324229304989
..//data//sample_audio\couple_grunts.WAV,1155,1158,0.046132560819387436,0,0.0010220949770882726,0,0.0007456757011823356,0,0,0.015966777165886015
..//data//sample_audio\couple_grunts.WAV,1158,1161,0.04982568323612213,0,0.010319899767637253,0,0.01672958955168724,0,0,0.025625057518482208
..//data//sample_audio\couple_grunts.WAV,1161,1164,0.011652922257781029,0,0.012637319043278694,0,0.004401203244924545,0,0,0.009563814848661423
..//data//sample_audio\couple_grunts.WAV,1164,1167,0.0036773765459656715,0,0.0012768605956807733,0,0.004750530701130629,0,0,0.0032349226142590246
..//data//sample_audio\couple_grunts.WAV,1167,1170,0.05801234021782875,0,0.027147488668560982,0,0.02915988862514496,0,0,0.038106572503844895
..//data//sample_audio\couple_grunts.WAV,1170,1173,0.001190340961329639,0,0.00239217234775424,0,0.0011257005389779806,0,0,0.0015694046160206199
..//data//sample_audio\couple_grunts.WAV,1173,1176,0.3195933699607849,0,0.6835874319076538,1,0.00596427358686924,0,0,0.33638169181843597
..//data//sample_audio\couple_grunts.WAV,1176,1179,0.005315779708325863,0,0.002038094447925687,0,0.00011757025640690699,0,0,0.0024904814708861522
..//data//sample_audio\couple_grunts.WAV,1179,1182,0.04020724818110466,0,0.01368530560284853,0,0.024944020435214043,0,0,0.026278858073055744
..//data//sample_audio\couple_grunts.WAV,1182,1185,0.0007593590416945517,0,0.000628613168373704,0,0.0016204918501898646,0,0,0.0010028213534193735
..//data//sample_audio\couple_grunts.WAV,1185,1188,0.07192017883062363,0,0.16850079596042633,0,0.05086182430386543,0,0,0.0970942663649718
..//data//sample_audio\couple_grunts.WAV,1188,1191,0.0004132335598114878,0,0.0010631608311086893,0,2.5242359697585925e-05,0,0,0.0005005455835392544
..//data//sample_audio\couple_grunts.WAV,1191,1194,0.026638001203536987,0,0.06850869953632355,0,0.002067691646516323,0,0,0.03240479746212562
..//data//sample_audio\couple_grunts.WAV,1194,1197,0.033044327050447464,0,0.14213618636131287,0,0.013362199999392033,0,0,0.06284757113705079
..//data//sample_audio\couple_grunts.WAV,1197,1200,0.036945831030607224,0,0.009409330785274506,0,0.006486825179308653,0,0,0.01761399566506346
..//data//sample_audio\couple_grunts.WAV,1200,1203,0.03267931193113327,0,0.03931046277284622,0,0.01688334345817566,0,0,0.029624372720718384
..//data//sample_audio\couple_grunts.WAV,1203,1206,0.0035458868369460106,0,0.0019325347384437919,0,0.0014689266681671143,0,0,0.0023157827478523054
..//data//sample_audio\couple_grunts.WAV,1206,1209,0.012370286509394646,0,0.0036295712925493717,0,0.0030756841879338026,0,0,0.00635851399662594
..//data//sample_audio\couple_grunts.WAV,1209,1212,0.06525048613548279,0,0.016599278897047043,0,0.011763322167098522,0,0,0.031204362399876118
..//data//sample_audio\couple_grunts.WAV,1212,1215,0.03939637169241905,0,0.02217310108244419,0,0.005786868277937174,0,0,0.022452113684266806
..//data//sample_audio\couple_grunts.WAV,1215,1218,0.06165485456585884,0,0.01464755553752184,0,0.0065772999078035355,0,0,0.027626570003728073
..//data//sample_audio\couple_grunts.WAV,1218,1221,0.05798378959298134,0,0.035394616425037384,0,0.015585212036967278,0,0,0.03632120601832867
..//data//sample_audio\couple_grunts.WAV,1221,1224,0.03576409071683884,0,0.008520692586898804,0,0.003916620276868343,0,0,0.01606713452686866
..//data//sample_audio\couple_grunts.WAV,1224,1227,0.05331023782491684,0,0.3350352644920349,0,0.01885143853724003,0,0,0.13573231361806393
..//data//sample_audio\couple_grunts.WAV,1227,1230,0.08419567346572876,0,0.03625040501356125,0,0.02232583798468113,0,0,0.047590638821323715
..//data//sample_audio\couple_grunts.WAV,1230,1233,0.07432196289300919,0,0.029916856437921524,0,0.0073204427026212215,0,0,0.03718642067785064
..//data//sample_audio\couple_grunts.WAV,1233,1236,0.05146195366978645,0,0.025497248396277428,0,0.007794582284986973,0,0,0.028251261450350285
..//data//sample_audio\couple_grunts.WAV,1236,1239,0.03285840526223183,0,0.03626692667603493,0,0.01492490153759718,0,0,0.028016744491954643
..//data//sample_audio\couple_grunts.WAV,1239,1242,0.01708735153079033,0,0.015493308193981647,0,0.009581487625837326,0,0,0.014054049116869768
..//data//sample_audio\couple_grunts.WAV,1242,1245,0.056367177516222,0,0.04708309844136238,0,0.03028346411883831,0,0,0.044577913358807564
..//data//sample_audio\couple_grunts.WAV,1245,1248,0.01810617372393608,0,0.026093123480677605,0,0.005277335178107023,0,0,0.016492210794240236
..//data//sample_audio\couple_grunts.WAV,1248,1251,0.07092876732349396,0,0.023348335176706314,0,0.008663133718073368,0,0,0.03431341207275788
..//data//sample_audio\couple_grunts.WAV,1251,1254,0.03665570914745331,0,0.01563253626227379,0,0.02639627829194069,0,0,0.026228174567222595
..//data//sample_audio\couple_grunts.WAV,1254,1257,0.037026867270469666,0,0.03380975127220154,0,0.016884619370102882,0,0,0.029240412637591362
..//data//sample_audio\couple_grunts.WAV,1257,1260,0.02335268259048462,0,0.013613296672701836,0,0.015482412651181221,0,0,0.017482797304789226
..//data//sample_audio\couple_grunts.WAV,1260,1263,0.0645734891295433,0,0.016873642802238464,0,0.02094077505171299,0,0,0.03412930232783159
..//data//sample_audio\couple_grunts.WAV,1263,1266,0.04797004535794258,0,0.04150921106338501,0,0.07833942025899887,0,0,0.055939558893442154
..//data//sample_audio\couple_grunts.WAV,1266,1269,0.049949243664741516,0,0.01337347086519003,0,0.017631210386753082,0,0,0.026984641638894875
..//data//sample_audio\couple_grunts.WAV,1269,1272,0.029960373416543007,0,0.009172841906547546,0,0.010963236913084984,0,0,0.016698817412058514
..//data//sample_audio\couple_grunts.WAV,1272,1275,0.06789115071296692,0,0.040979187935590744,0,0.02178424969315529,0,0,0.04355152944723765
..//data//sample_audio\couple_grunts.WAV,1275,1278,0.060268860310316086,0,0.033889204263687134,0,0.034954264760017395,0,0,0.0430374431113402
..//data//sample_audio\couple_grunts.WAV,1278,1281,0.05868576839566231,0,0.014806719496846199,0,0.0203713309019804,0,0,0.03128793959816297
..//data//sample_audio\couple_grunts.WAV,1281,1284,0.043664030730724335,0,0.08579254895448685,0,0.01922842301428318,0,0,0.04956166756649812
..//data//sample_audio\couple_grunts.WAV,1284,1287,0.07873126119375229,0,0.01153838075697422,0,0.01721617951989174,0,0,0.03582860715687275
..//data//sample_audio\couple_grunts.WAV,1287,1290,0.03259190544486046,0,0.044934894889593124,0,0.015068281441926956,0,0,0.030865027258793514
..//data//sample_audio\couple_grunts.WAV,1290,1293,0.061590343713760376,0,0.036866139620542526,0,0.018940316513180733,0,0,0.03913226661582788
..//data//sample_audio\couple_grunts.WAV,1293,1296,0.049837876111269,0,0.028320027515292168,0,0.02998979575932026,0,0,0.036049233128627144
..//data//sample_audio\couple_grunts.WAV,1296,1299,0.03436141461133957,0,0.0476362444460392,0,0.01972658932209015,0,0,0.033908082793156304
..//data//sample_audio\couple_grunts.WAV,1299,1302,0.06634777784347534,0,0.10066907852888107,0,0.03807853162288666,0,0,0.0683651293317477
..//data//sample_audio\couple_grunts.WAV,1302,1305,0.06185442954301834,0,0.01933997869491577,0,0.012237302958965302,0,0,0.031143903732299805
..//data//sample_audio\couple_grunts.WAV,1305,1308,0.1418987363576889,0,0.029580330476164818,0,0.007217331323772669,0,0,0.05956546605254213
..//data//sample_audio\couple_grunts.WAV,1308,1311,0.06813342124223709,0,0.04710160940885544,0,0.012888572178781033,0,0,0.04270786760995785
..//data//sample_audio\couple_grunts.WAV,1311,1314,0.10719623416662216,0,0.01679195836186409,0,0.01908189058303833,0,0,0.04769002770384153
..//data//sample_audio\couple_grunts.WAV,1314,1317,0.04953509941697121,0,0.024722915142774582,0,0.02035924606025219,0,0,0.03153908687333266
..//data//sample_audio\couple_grunts.WAV,1317,1320,0.033428601920604706,0,0.019803186878561974,0,0.008579099550843239,0,0,0.020603629450003307
..//data//sample_audio\couple_grunts.WAV,1320,1323,0.026152782142162323,0,0.01602122187614441,0,0.008533617481589317,0,0,0.01690254049996535
..//data//sample_audio\couple_grunts.WAV,1323,1326,0.02905108593404293,0,0.023851029574871063,0,0.03045290894806385,0,0,0.027785008152325947
..//data//sample_audio\couple_grunts.WAV,1326,1329,0.04525449499487877,0,0.046877484768629074,0,0.013595866970717907,0,0,0.03524261557807525
..//data//sample_audio\couple_grunts.WAV,1329,1332,0.045553237199783325,0,0.025850584730505943,0,0.038257796317338943,0,0,0.036553872749209404
..//data//sample_audio\couple_grunts.WAV,1332,1335,0.021200479939579964,0,0.019164204597473145,0,0.0036524950992316008,0,0,0.014672393212094903
..//data//sample_audio\couple_grunts.WAV,1335,1338,0.04215962812304497,0,0.009302635677158833,0,0.011713575571775436,0,0,0.02105861312399308
..//data//sample_audio\couple_grunts.WAV,1338,1341,0.05725432559847832,0,0.025812115520238876,0,0.016297241672873497,0,0,0.0331212275971969
..//data//sample_audio\couple_grunts.WAV,1341,1344,0.04831269755959511,0,0.07296330481767654,0,0.018421929329633713,0,0,0.046565977235635124
..//data//sample_audio\couple_grunts.WAV,1344,1347,0.04774511978030205,0,0.3909943103790283,0,0.020518165081739426,0,0,0.1530858650803566
..//data//sample_audio\couple_grunts.WAV,1347,1350,0.03744170442223549,0,0.1242205947637558,0,0.005703269969671965,0,0,0.05578852305188775
..//data//sample_audio\couple_grunts.WAV,1350,1353,0.06310519576072693,0,0.03119579143822193,0,0.050438087433576584,0,0,0.04824635821084181
..//data//sample_audio\couple_grunts.WAV,1353,1356,0.01949957013130188,0,0.021431520581245422,0,0.003950499463826418,0,0,0.01496053005879124
..//data//sample_audio\couple_grunts.WAV,1356,1359,0.038968391716480255,0,0.04377342760562897,0,0.010555816814303398,0,0,0.031099212045470875
..//data//sample_audio\couple_grunts.WAV,1359,1362,0.026041176170110703,0,0.05324682965874672,0,0.0059715379029512405,0,0,0.028419847910602886
..//data//sample_audio\couple_grunts.WAV,1362,1365,0.029732659459114075,0,0.011701740324497223,0,0.013255014084279537,0,0,0.01822980462263028
..//data//sample_audio\couple_grunts.WAV,1365,1368,0.0665556788444519,0,0.016832543537020683,0,0.025689098984003067,0,0,0.03635910712182522
..//data//sample_audio\couple_grunts.WAV,1368,1371,0.028235336765646935,0,0.020547062158584595,0,0.00276141706854105,0,0,0.01718127199759086
..//data//sample_audio\couple_grunts.WAV,1371,1374,0.03207174688577652,0,0.04850178584456444,0,0.005375348962843418,0,0,0.02864962723106146
..//data//sample_audio\couple_grunts.WAV,1374,1377,0.04448030889034271,0,0.11330897361040115,0,0.024572910740971565,0,0,0.06078739774723848
..//data//sample_audio\couple_grunts.WAV,1377,1380,0.04209459573030472,0,0.040471650660037994,0,0.03169545531272888,0,0,0.038087233901023865
..//data//sample_audio\couple_grunts.WAV,1380,1383,0.0374249666929245,0,0.024727020412683487,0,0.01139181200414896,0,0,0.024514599703252316
..//data//sample_audio\couple_grunts.WAV,1383,1386,0.005620916374027729,0,0.023461095988750458,0,0.0030532353557646275,0,0,0.01071174923951427
..//data//sample_audio\couple_grunts.WAV,1386,1389,0.027022650465369225,0,0.014045635238289833,0,0.0007751985685899854,0,0,0.013947828090749681
..//data//sample_audio\couple_grunts.WAV,1389,1392,0.04075983166694641,0,0.03218217194080353,0,0.005742307752370834,0,0,0.026228103786706924
..//data//sample_audio\couple_grunts.WAV,1392,1395,0.029549898579716682,0,0.05001914128661156,0,0.003735580015927553,0,0,0.027768206627418596
..//data//sample_audio\couple_grunts.WAV,1395,1398,0.061821117997169495,0,0.03014056570827961,0,0.034974731504917145,0,0,0.042312138403455414
..//data//sample_audio\couple_grunts.WAV,1398,1401,0.04222499951720238,0,0.007164341397583485,0,0.0018922350136563182,0,0,0.01709385864281406
..//data//sample_audio\couple_grunts.WAV,1401,1404,0.06035866215825081,0,0.4370960593223572,0,0.0064811487682163715,0,0,0.16797862341627479
..//data//sample_audio\couple_grunts.WAV,1404,1407,0.010123218409717083,0,0.008264807052910328,0,0.0002977480471599847,0,0,0.006228591169929132
..//data//sample_audio\couple_grunts.WAV,1407,1410,0.04604911804199219,0,0.049736298620700836,0,0.016460547223687172,0,0,0.03741532129546007
..//data//sample_audio\couple_grunts.WAV,1410,1413,0.024473700672388077,0,0.00533319404348731,0,0.0038246505428105593,0,0,0.011210515086228648
..//data//sample_audio\couple_grunts.WAV,1413,1416,0.0337219163775444,0,0.016403570771217346,0,0.02659662440419197,0,0,0.025574037184317906
..//data//sample_audio\couple_grunts.WAV,1416,1419,0.06202925369143486,0,0.0379350483417511,0,0.05289692059159279,0,0,0.05095374087492625
..//data//sample_audio\couple_grunts.WAV,1419,1422,0.05765194073319435,0,0.022822309285402298,0,0.019245866686105728,0,0,0.03324003890156746
..//data//sample_audio\couple_grunts.WAV,1422,1425,0.032316334545612335,0,0.039024315774440765,0,0.003740226849913597,0,0,0.025026959056655567
..//data//sample_audio\couple_grunts.WAV,1425,1428,0.038696322590112686,0,0.0750325471162796,0,0.07994846254587173,0,0,0.06455911075075467
..//data//sample_audio\couple_grunts.WAV,1428,1431,0.07777288556098938,0,0.0558876134455204,0,0.08641878515481949,0,0,0.07335976138710976
..//data//sample_audio\couple_grunts.WAV,1431,1434,0.0370488315820694,0,0.04612137749791145,0,0.02611652761697769,0,0,0.03642891223231951
..//data//sample_audio\couple_grunts.WAV,1434,1437,0.032724007964134216,0,0.009461640380322933,0,0.013296340592205524,0,0,0.01849399631222089
..//data//sample_audio\couple_grunts.WAV,1437,1440,0.03273744136095047,0,0.017547529190778732,0,0.0025526797398924828,0,0,0.01761255009720723
..//data//sample_audio\couple_grunts.WAV,1440,1443,0.0894474908709526,0,0.027932679280638695,0,0.012075523845851421,0,0,0.04315189799914757
..//data//sample_audio\couple_grunts.WAV,1443,1446,0.09816645830869675,0,0.04995124414563179,0,0.004079059697687626,0,0,0.050732254050672054
..//data//sample_audio\couple_grunts.WAV,1446,1449,0.053287163376808167,0,0.14048171043395996,0,0.013128410093486309,0,0,0.06896576130141814
..//data//sample_audio\couple_grunts.WAV,1449,1452,0.06071892008185387,0,0.011194656603038311,0,0.017793653532862663,0,0,0.029902410072584946
..//data//sample_audio\couple_grunts.WAV,1452,1455,0.02710978500545025,0,0.015129434876143932,0,0.011429879814386368,0,0,0.017889699898660183
..//data//sample_audio\couple_grunts.WAV,1455,1458,0.06615651398897171,0,0.04106726497411728,0,0.024216635152697563,0,0,0.04381347137192885
..//data//sample_audio\couple_grunts.WAV,1458,1461,0.05820013955235481,0,0.07508406043052673,0,0.05023401975631714,0,0,0.06117273991306623
..//data//sample_audio\couple_grunts.WAV,1461,1464,0.03217042610049248,0,0.02493327483534813,0,0.0276921559125185,0,0,0.0282652856161197
..//data//sample_audio\couple_grunts.WAV,1464,1467,0.058155983686447144,0,0.12448608875274658,0,0.061825674027204514,0,0,0.08148924882213275
..//data//sample_audio\couple_grunts.WAV,1467,1470,0.02452472783625126,0,0.02465585619211197,0,0.04779532179236412,0,0,0.03232530194024245
..//data//sample_audio\couple_grunts.WAV,1470,1473,0.07629362493753433,0,0.16619427502155304,0,0.056227173656225204,0,0,0.09957169120510419
..//data//sample_audio\couple_grunts.WAV,1473,1476,0.051610734313726425,0,0.24419164657592773,0,0.11045639216899872,0,0,0.13541959101955095
..//data//sample_audio\couple_grunts.WAV,1476,1479,0.041199859231710434,0,0.01918371580541134,0,0.019217301160097122,0,0,0.026533625399072964
..//data//sample_audio\couple_grunts.WAV,1479,1482,0.025369932875037193,0,0.16865786910057068,0,0.00827935803681612,0,0,0.06743572000414133
..//data//sample_audio\couple_grunts.WAV,1482,1485,0.06434892863035202,0,0.2823311388492584,0,0.013011668808758259,0,0,0.11989724542945623
..//data//sample_audio\couple_grunts.WAV,1485,1488,0.04643334448337555,0,0.0277191661298275,0,0.005024116486310959,0,0,0.026392209033171337
..//data//sample_audio\couple_grunts.WAV,1488,1491,0.037736836820840836,0,0.13847516477108002,0,0.016513410955667496,0,0,0.06424180418252945
..//data//sample_audio\couple_grunts.WAV,1491,1494,0.017637688666582108,0,0.029614510014653206,0,0.01544174738228321,0,0,0.02089798202117284
..//data//sample_audio\couple_grunts.WAV,1494,1497,0.01944267563521862,0,0.028807323426008224,0,0.02104184404015541,0,0,0.023097281033794086
..//data//sample_audio\couple_grunts.WAV,1497,1500,0.039275966584682465,0,0.034745387732982635,0,0.028430132195353508,0,0,0.03415049550433954
..//data//sample_audio\couple_grunts.WAV,1500,1503,0.03271394595503807,0,0.028115203604102135,0,0.02021055482327938,0,0,0.027013234794139862
..//data//sample_audio\couple_grunts.WAV,1503,1506,0.02782885544002056,0,0.024224894121289253,0,0.014987817965447903,0,0,0.022347189175585907
..//data//sample_audio\couple_grunts.WAV,1506,1509,0.14732204377651215,0,0.1257341504096985,0,0.02353411540389061,0,0,0.09886343653003375
..//data//sample_audio\couple_grunts.WAV,1509,1512,0.04248751327395439,0,0.5719580054283142,1,0.0066679990850389,0,0,0.20703783926243582
..//data//sample_audio\couple_grunts.WAV,1512,1515,0.0813651755452156,0,0.05239231511950493,0,0.05446067079901695,0,0,0.06273938715457916
..//data//sample_audio\couple_grunts.WAV,1515,1518,0.03665326535701752,0,0.025959763675928116,0,0.011906519532203674,0,0,0.024839849521716435
..//data//sample_audio\couple_grunts.WAV,1518,1521,0.023584440350532532,0,0.040630362927913666,0,0.026048749685287476,0,0,0.030087850987911224
..//data//sample_audio\couple_grunts.WAV,1521,1524,0.04323030635714531,0,0.018441092222929,0,0.01924775540828705,0,0,0.026973051329453785
..//data//sample_audio\couple_grunts.WAV,1524,1527,0.04499389976263046,0,0.020262956619262695,0,0.02560623735189438,0,0,0.030287697911262512
..//data//sample_audio\couple_grunts.WAV,1527,1530,0.0588301382958889,0,0.19735603034496307,0,0.007674730848520994,0,0,0.08795363316312432
..//data//sample_audio\couple_grunts.WAV,1530,1533,0.026036666706204414,0,0.02091936208307743,0,0.009541112929582596,0,0,0.018832380572954815
..//data//sample_audio\couple_grunts.WAV,1533,1536,0.02436341717839241,0,0.02280288003385067,0,0.025284944102168083,0,0,0.024150413771470387
..//data//sample_audio\couple_grunts.WAV,1536,1539,0.029642703011631966,0,0.28723829984664917,0,0.024441856890916824,0,0,0.11377428658306599
..//data//sample_audio\couple_grunts.WAV,1539,1542,0.025139009580016136,0,0.036872055381536484,0,0.011968392878770828,0,0,0.024659819280107815
..//data//sample_audio\couple_grunts.WAV,1542,1545,0.03304094076156616,0,0.041138987988233566,0,0.045633453875780106,0,0,0.03993779420852661
..//data//sample_audio\couple_grunts.WAV,1545,1548,0.05028842017054558,0,0.06771648675203323,0,0.025657949969172478,0,0,0.0478876189639171
..//data//sample_audio\couple_grunts.WAV,1548,1551,0.05392524600028992,0,0.07016916573047638,0,0.008549313060939312,0,0,0.04421457493056854
..//data//sample_audio\couple_grunts.WAV,1551,1554,0.025091201066970825,0,0.018315773457288742,0,0.012059674598276615,0,0,0.018488883040845394
..//data//sample_audio\couple_grunts.WAV,1554,1557,0.07509008049964905,0,0.0012030652724206448,0,0.012000015936791897,0,0,0.029431053902953863
..//data//sample_audio\couple_grunts.WAV,1557,1560,0.052910707890987396,0,0.09168316423892975,0,0.017779706045985222,0,0,0.054124526058634125
..//data//sample_audio\couple_grunts.WAV,1560,1563,0.039623141288757324,0,0.144492045044899,0,0.013966606929898262,0,0,0.06602726442118485
..//data//sample_audio\couple_grunts.WAV,1563,1566,0.03774241358041763,0,0.024481123313307762,0,0.052988309413194656,0,0,0.03840394876897335
..//data//sample_audio\couple_grunts.WAV,1566,1569,0.044950101524591446,0,0.06033124774694443,0,0.027604835107922554,0,0,0.04429539479315281
..//data//sample_audio\couple_grunts.WAV,1569,1572,0.04108143970370293,0,0.07010535895824432,0,0.024183528497815132,0,0,0.04512344238658746
..//data//sample_audio\couple_grunts.WAV,1572,1575,0.03166211396455765,0,0.01797073520720005,0,0.018373513594269753,0,0,0.022668787588675816
..//data//sample_audio\couple_grunts.WAV,1575,1578,0.05423557758331299,0,0.020744841545820236,0,0.025784794241189957,0,0,0.03358840445677439
..//data//sample_audio\couple_grunts.WAV,1578,1581,0.03535676747560501,0,0.03630576655268669,0,0.03373022377490997,0,0,0.035130919267733894
..//data//sample_audio\couple_grunts.WAV,1581,1584,0.04113269969820976,0,0.0633200854063034,0,0.04794007167220116,0,0,0.05079761892557144
..//data//sample_audio\couple_grunts.WAV,1584,1587,0.02234048582613468,0,0.03587913140654564,0,0.010696745477616787,0,0,0.02297212090343237
..//data//sample_audio\couple_grunts.WAV,1587,1590,0.05562560632824898,0,0.03426719829440117,0,0.029846128076314926,0,0,0.03991297756632169
..//data//sample_audio\couple_grunts.WAV,1590,1593,0.02889399789273739,0,0.040641721338033676,0,0.014241399243474007,0,0,0.02792570615808169
..//data//sample_audio\couple_grunts.WAV,1593,1596,0.10902439057826996,0,0.041123323142528534,0,0.04018675163388252,0,0,0.06344482178489368
..//data//sample_audio\couple_grunts.WAV,1596,1599,0.035244524478912354,0,0.027859671041369438,0,0.014258899725973606,0,0,0.025787698415418465
..//data//sample_audio\couple_grunts.WAV,1599,1602,0.04585227370262146,0,0.01567154750227928,0,0.009464308619499207,0,0,0.023662709941466648
..//data//sample_audio\couple_grunts.WAV,1602,1605,0.04902736470103264,0,0.03785610944032669,0,0.03761700913310051,0,0,0.04150016109148661
..//data//sample_audio\couple_grunts.WAV,1605,1608,0.06076618656516075,0,0.2767411768436432,0,0.0045993635430932045,0,0,0.11403557565063238
..//data//sample_audio\couple_grunts.WAV,1608,1611,0.047423556447029114,0,0.024509210139513016,0,0.019018258899450302,0,0,0.03031700849533081
..//data//sample_audio\couple_grunts.WAV,1611,1614,0.05170907452702522,0,0.03367156162858009,0,0.09205467998981476,0,0,0.059145105381806694
..//data//sample_audio\couple_grunts.WAV,1614,1617,0.07423330098390579,0,0.015755871310830116,0,0.01888950914144516,0,0,0.036292893812060356
..//data//sample_audio\couple_grunts.WAV,1617,1620,0.03332430496811867,0,0.0915028527379036,0,0.05396793410181999,0,0,0.05959836393594742
..//data//sample_audio\couple_grunts.WAV,1620,1623,0.10864744335412979,0,0.16914911568164825,0,0.022093111649155617,0,0,0.09996322356164455
..//data//sample_audio\couple_grunts.WAV,1623,1626,0.03991159796714783,0,0.04436998441815376,0,0.03610886260867119,0,0,0.04013014833132426
..//data//sample_audio\couple_grunts.WAV,1626,1629,0.04064300283789635,0,0.058054544031620026,0,0.04672149941325188,0,0,0.048473015427589417
..//data//sample_audio\couple_grunts.WAV,1629,1632,0.1393856555223465,0,0.28439632058143616,0,0.015978101640939713,0,0,0.1465866925815741
..//data//sample_audio\couple_grunts.WAV,1632,1635,0.08710168302059174,0,0.06696269661188126,0,0.01642354018986225,0,0,0.05682930660744508
..//data//sample_audio\couple_grunts.WAV,1635,1638,0.00744235422462225,0,0.013558551669120789,0,0.009014974348247051,0,0,0.010005293413996696
..//data//sample_audio\couple_grunts.WAV,1638,1641,0.0008250444079749286,0,0.006565611809492111,0,0.00040618664934299886,0,0,0.0025989476222700128
..//data//sample_audio\couple_grunts.WAV,1641,1644,0.013130833394825459,0,0.01626794971525669,0,0.005065443925559521,0,0,0.011488075678547224
..//data//sample_audio\couple_grunts.WAV,1644,1647,0.02416161820292473,0,0.01975620724260807,0,0.011524519883096218,0,0,0.01848078177620967
..//data//sample_audio\couple_grunts.WAV,1647,1650,0.02941410429775715,0,0.013261957094073296,0,0.005797417834401131,0,0,0.01615782640874386
..//data//sample_audio\couple_grunts.WAV,1650,1653,0.03264576569199562,0,0.013838942162692547,0,0.006967010907828808,0,0,0.017817239587505657
..//data//sample_audio\couple_grunts.WAV,1653,1656,0.017429715022444725,0,0.21284101903438568,0,0.01941869407892227,0,0,0.08322980937858422
..//data//sample_audio\couple_grunts.WAV,1656,1659,0.019554810598492622,0,0.000247017276706174,0,4.759906914841849e-06,0,0,0.006602195927371213
..//data//sample_audio\couple_grunts.WAV,1659,1662,0.6382772326469421,1,0.9902247786521912,1,0.001638909918256104,0,1,0.5433803070724631
..//data//sample_audio\couple_grunts.WAV,1662,1665,0.996941864490509,1,0.9999834299087524,1,0.9989997744560242,1,1,0.9986416896184286
..//data//sample_audio\couple_grunts.WAV,1665,1668,0.024849988520145416,0,0.0069122882559895515,0,0.006509043741971254,0,0,0.01275710683936874
..//data//sample_audio\couple_grunts.WAV,1668,1671,0.03287447988986969,0,0.03955888748168945,0,0.02070588991045952,0,0,0.03104641909400622
..//data//sample_audio\couple_grunts.WAV,1671,1674,0.015200750902295113,0,0.14601603150367737,0,0.01608477532863617,0,0,0.05910051924486955
..//data//sample_audio\couple_grunts.WAV,1674,1677,0.015913812443614006,0,0.013108175247907639,0,0.01602780818939209,0,0,0.015016598626971245
..//data//sample_audio\couple_grunts.WAV,1677,1680,0.03950268775224686,0,0.10580462962388992,0,0.04186663031578064,0,0,0.06239131589730581
..//data//sample_audio\couple_grunts.WAV,1680,1683,0.05170547589659691,0,0.029916487634181976,0,0.0035000622738152742,0,0,0.028374008601531386
..//data//sample_audio\couple_grunts.WAV,1683,1686,0.019129816442728043,0,0.025247935205698013,0,0.0014372071018442512,0,0,0.01527165291675677
..//data//sample_audio\couple_grunts.WAV,1686,1689,0.18728812038898468,0,0.03444741666316986,0,0.002362614730373025,0,0,0.07469938392750919
..//data//sample_audio\couple_grunts.WAV,1689,1692,0.08795769512653351,0,0.012123904190957546,0,0.007423778995871544,0,0,0.0358351261044542
..//data//sample_audio\couple_grunts.WAV,1692,1695,0.060440219938755035,0,0.11597297340631485,0,0.0008000698871910572,0,0,0.05907108774408698
..//data//sample_audio\couple_grunts.WAV,1695,1698,0.3044877350330353,0,0.16111533343791962,0,0.003013033652678132,0,0,0.15620536737454435
..//data//sample_audio\couple_grunts.WAV,1698,1701,0.02581298165023327,0,0.18904978036880493,0,0.00594960805028677,0,0,0.07360412335644166
..//data//sample_audio\couple_grunts.WAV,1701,1704,0.017585432156920433,0,0.009135037660598755,0,0.0010661595733836293,0,0,0.009262209796967605
..//data//sample_audio\couple_grunts.WAV,1704,1707,0.02030378393828869,0,0.07057320326566696,0,0.00791134126484394,0,0,0.0329294428229332
..//data//sample_audio\couple_grunts.WAV,1707,1710,0.19328466057777405,0,0.007386539597064257,0,0.0013402936747297645,0,0,0.06733716461652269
..//data//sample_audio\couple_grunts.WAV,1710,1713,0.03973684832453728,0,0.13223503530025482,0,0.0013857267331331968,0,0,0.057785870119308434
..//data//sample_audio\couple_grunts.WAV,1713,1716,0.030081605538725853,0,0.01731668785214424,0,0.01193999033421278,0,0,0.019779427908360958
..//data//sample_audio\couple_grunts.WAV,1716,1719,0.008592908270657063,0,0.0030777801293879747,0,0.002079271012917161,0,0,0.004583319804320733
..//data//sample_audio\couple_grunts.WAV,1719,1722,0.06925113499164581,0,0.12209535390138626,0,0.0023402804508805275,0,0,0.06456225644797087
..//data//sample_audio\couple_grunts.WAV,1722,1725,0.04343332722783089,0,0.01565072126686573,0,0.001236686366610229,0,0,0.020106911620435614
..//data//sample_audio\couple_grunts.WAV,1725,1728,0.05531967058777809,0,0.024581557139754295,0,0.006249989848583937,0,0,0.028717072525372107
..//data//sample_audio\couple_grunts.WAV,1728,1731,0.013581753708422184,0,0.01218053326010704,0,0.003886144608259201,0,0,0.009882810525596142
..//data//sample_audio\couple_grunts.WAV,1731,1734,0.06987728923559189,0,0.06596614420413971,0,0.003386933356523514,0,0,0.04641012226541837
..//data//sample_audio\couple_grunts.WAV,1734,1737,0.023035665974020958,0,0.015282763168215752,0,0.0029725355561822653,0,0,0.013763654899472991
..//data//sample_audio\couple_grunts.WAV,1737,1740,0.03215717896819115,0,0.025463124737143517,0,0.004131997935473919,0,0,0.020584100546936195
..//data//sample_audio\couple_grunts.WAV,1740,1743,0.02097410336136818,0,0.008081692270934582,0,0.0025196883361786604,0,0,0.01052516132282714
..//data//sample_audio\couple_grunts.WAV,1743,1746,0.12954972684383392,0,0.18809011578559875,0,0.0044833081774413586,0,0,0.10737438360229135
..//data//sample_audio\couple_grunts.WAV,1746,1749,0.02714581787586212,0,0.005654061213135719,0,0.00939895585179329,0,0,0.014066278313597044
..//data//sample_audio\couple_grunts.WAV,1749,1752,0.15135636925697327,0,0.28832513093948364,0,0.020161839202046394,0,0,0.15328111313283443
..//data//sample_audio\couple_grunts.WAV,1752,1755,0.04021584242582321,0,0.010838464833796024,0,0.006896276958286762,0,0,0.019316861405968666
..//data//sample_audio\couple_grunts.WAV,1755,1758,0.02173958159983158,0,0.010377339087426662,0,0.0031429030932486057,0,0,0.011753274593502283
..//data//sample_audio\couple_grunts.WAV,1758,1761,0.07250984013080597,0,0.17627708613872528,0,0.009711126796901226,0,0,0.08616601768881083
..//data//sample_audio\couple_grunts.WAV,1761,1764,0.033701810985803604,0,0.03917444869875908,0,0.009900577366352081,0,0,0.027592279016971588
..//data//sample_audio\couple_grunts.WAV,1764,1767,0.06108183413743973,0,0.05761455371975899,0,0.018736528232693672,0,0,0.04581097202996413
..//data//sample_audio\couple_grunts.WAV,1767,1770,0.03650268539786339,0,0.011682819575071335,0,0.010578630492091179,0,0,0.019588045155008633
..//data//sample_audio\couple_grunts.WAV,1770,1773,0.04538841173052788,0,0.017346713691949844,0,0.00895183626562357,0,0,0.023895653896033764
..//data//sample_audio\couple_grunts.WAV,1773,1776,0.1418823003768921,0,0.24670609831809998,0,0.019561108201742172,0,0,0.13604983563224474
..//data//sample_audio\couple_grunts.WAV,1776,1779,0.0093520637601614,0,0.02662782184779644,0,0.0018394890939816833,0,0,0.012606458233979842
..//data//sample_audio\couple_grunts.WAV,1779,1782,0.022162990644574165,0,0.0400870256125927,0,0.004452981520444155,0,0,0.022234332592537005
..//data//sample_audio\couple_grunts.WAV,1782,1785,0.045912161469459534,0,0.012170945294201374,0,0.00391628360375762,0,0,0.020666463455806177
..//data//sample_audio\couple_grunts.WAV,1785,1788,0.04465264454483986,0,0.19618776440620422,0,0.002536465646699071,0,0,0.08112562486591439
..//data//sample_audio\couple_grunts.WAV,1788,1791,0.02803291194140911,0,0.012584380805492401,0,0.00788641907274723,0,0,0.016167903939882915
..//data//sample_audio\couple_grunts.WAV,1791,1794,0.04853595048189163,0,0.013044852763414383,0,0.008015883155167103,0,0,0.02319889546682437
..//data//sample_audio\couple_grunts.WAV,1794,1797,0.03640388697385788,0,0.09761674702167511,0,0.006835164502263069,0,0,0.046951932832598686
